<?xml version="1.0" encoding="UTF-8"?>
<project-private xmlns="http://www.netbeans.org/ns/project-private/1">
    <editor-bookmarks xmlns="http://www.netbeans.org/ns/editor-bookmarks/2" lastBookmarkId="0"/>
    <open-files xmlns="http://www.netbeans.org/ns/projectui-open-files/2">
        <group>
            <file>file:/home/leonardo/NetBeansProjects/Eat_v1.0/src/java/servlets/showResults.java</file>
            <file>file:/home/leonardo/NetBeansProjects/Eat_v1.0/src/java/db_classes/Restaurant.java</file>
            <file>file:/home/leonardo/NetBeansProjects/Eat_v1.0/web/index.jsp</file>
            <file>file:/home/leonardo/NetBeansProjects/Eat_v1.0/src/java/db_classes/DBManager.java</file>
            <file>file:/home/leonardo/NetBeansProjects/Eat_v1.0/web/header.jsp</file>
            <file>file:/home/leonardo/NetBeansProjects/Eat_v1.0/web/media/css/styles.css</file>
            <file>file:/home/leonardo/NetBeansProjects/Eat_v1.0/src/java/servlets/Profile.java</file>
        </group>
    </open-files>
</project-private>
